"path","line","component","layer","visibility","same_name_count","initial_status"
"src/app/(authenticated)/AuthenticatedLayout.tsx","15","AuthenticatedLayoutContent","route-local","internal","1","local"
"src/app/(authenticated)/AuthenticatedLayout.tsx","186","AuthenticatedLayout","route-local","exported","1","local"
"src/app/(authenticated)/cashing-up/daily/_components/DailyClient.tsx","137","DailyClient","route-local","exported","1","local"
"src/app/(authenticated)/cashing-up/daily/page.tsx","10","DailyCashupPage","route-entry","exported","1","route"
"src/app/(authenticated)/cashing-up/dashboard/_components/DashboardClient.tsx","93","DashboardClient","route-local","exported","2","local"
"src/app/(authenticated)/cashing-up/dashboard/page.tsx","10","CashupDashboardPage","route-entry","exported","1","route"
"src/app/(authenticated)/cashing-up/import/_components/ImportClient.tsx","36","ImportClient","route-local","exported","1","local"
"src/app/(authenticated)/cashing-up/import/page.tsx","3","ImportPage","route-entry","exported","1","route"
"src/app/(authenticated)/cashing-up/insights/_components/InsightsClient.tsx","66","SalesMixTooltip","route-local","internal","1","local"
"src/app/(authenticated)/cashing-up/insights/_components/InsightsClient.tsx","108","SalesMixTrendChart","route-local","internal","1","local"
"src/app/(authenticated)/cashing-up/insights/_components/InsightsClient.tsx","169","InsightsClient","route-local","exported","2","local"
"src/app/(authenticated)/cashing-up/insights/page.tsx","13","CashupInsightsPage","route-entry","exported","1","route"
"src/app/(authenticated)/cashing-up/layout.tsx","13","CashingUpLayout","route-entry","exported","1","route"
"src/app/(authenticated)/cashing-up/weekly/_components/WeeklyClient.tsx","46","WeeklyClient","route-local","exported","1","local"
"src/app/(authenticated)/cashing-up/weekly/page.tsx","6","WeeklyCashupPage","route-entry","exported","1","route"
"src/app/(authenticated)/customers/_components/CustomersClient.tsx","56","PlusIcon","route-local","internal","2","local"
"src/app/(authenticated)/customers/_components/CustomersClient.tsx","59","PencilIcon","route-local","internal","1","local"
"src/app/(authenticated)/customers/_components/CustomersClient.tsx","62","TrashIcon","route-local","internal","1","local"
"src/app/(authenticated)/customers/_components/CustomersClient.tsx","65","MessageIcon","route-local","internal","1","local"
"src/app/(authenticated)/customers/_components/CustomersClient.tsx","87","CustomersClient","route-local","exported","1","local"
"src/app/(authenticated)/customers/[id]/page.tsx","247","CustomerViewPage","route-entry","exported","1","route"
"src/app/(authenticated)/customers/insights/page.tsx","77","CustomersInsightsPage","route-entry","exported","1","route"
"src/app/(authenticated)/customers/loading.tsx","3","Loading","route-entry","exported","10","route"
"src/app/(authenticated)/customers/page.tsx","17","CustomersPage","route-entry","exported","1","route"
"src/app/(authenticated)/dashboard/_components/DashboardClient.tsx","97","DashboardClient","route-local","exported","2","local"
"src/app/(authenticated)/dashboard/loading.tsx","3","Loading","route-entry","exported","10","route"
"src/app/(authenticated)/dashboard/page.tsx","61","DashboardPage","route-entry","exported","1","route"
"src/app/(authenticated)/dashboard/UpcomingScheduleCalendar.tsx","18","UpcomingScheduleCalendar","route-local","exported","1","local"
"src/app/(authenticated)/employees/_components/EmployeesClient.tsx","62","PortalInviteButton","route-local","internal","1","local"
"src/app/(authenticated)/employees/_components/EmployeesClient.tsx","84","EmployeesClient","route-local","exported","1","local"
"src/app/(authenticated)/employees/[employee_id]/_components/EmployeeDetailTabs.tsx","21","EmployeeDetailTabs","route-local","exported","1","local"
"src/app/(authenticated)/employees/[employee_id]/_components/EmployeeHeaderActions.tsx","17","EmployeeHeaderActions","route-local","exported","1","local"
"src/app/(authenticated)/employees/[employee_id]/_components/QuickAddNoteSheet.tsx","20","QuickAddNoteSheet","route-local","exported","1","local"
"src/app/(authenticated)/employees/[employee_id]/edit/EmployeeEditClient.tsx","24","EmployeeEditClient","route-local","exported","1","local"
"src/app/(authenticated)/employees/[employee_id]/edit/page.tsx","13","EditEmployeePage","route-entry","exported","1","route"
"src/app/(authenticated)/employees/[employee_id]/page.tsx","56","EmployeeDetailPage","route-entry","exported","1","route"
"src/app/(authenticated)/employees/birthdays/page.tsx","36","EmployeeBirthdaysPage","route-entry","exported","1","route"
"src/app/(authenticated)/employees/loading.tsx","3","Loading","route-entry","exported","10","route"
"src/app/(authenticated)/employees/new/NewEmployeeOnboardingClient.tsx","217","NewEmployeeOnboardingClient","route-local","exported","1","local"
"src/app/(authenticated)/employees/new/page.tsx","7","NewEmployeePage","route-entry","exported","1","route"
"src/app/(authenticated)/employees/page.tsx","14","EmployeesPage","route-entry","exported","1","route"
"src/app/(authenticated)/employees/reliability/page.tsx","46","SortLink","route-entry","internal","1","route"
"src/app/(authenticated)/employees/reliability/page.tsx","67","EmployeeReliabilityLeaderboardPage","route-entry","exported","1","route"
"src/app/(authenticated)/error.tsx","5","AuthenticatedError","route-entry","exported","1","route"
"src/app/(authenticated)/events/_components/BarMini.tsx","11","BarMini","route-local","exported","1","local"
"src/app/(authenticated)/events/_components/EventBoardView.tsx","26","EventBoardView","route-local","exported","1","local"
"src/app/(authenticated)/events/_components/EventCard.tsx","32","EventCard","route-local","exported","1","local"
"src/app/(authenticated)/events/_components/EventDrawer.tsx","76","EventDrawer","route-local","exported","1","local"
"src/app/(authenticated)/events/_components/EventDrawer.tsx","978","Section","route-local","internal","3","local"
"src/app/(authenticated)/events/_components/EventFilterPanel.tsx","32","EventFilterPanel","route-local","exported","1","local"
"src/app/(authenticated)/events/_components/EventListView.tsx","58","EventListView","route-local","exported","1","local"
"src/app/(authenticated)/events/_components/EventsClient.tsx","58","EventsClient","route-local","exported","1","local"
"src/app/(authenticated)/events/_components/EventTodosWidget.tsx","18","EventTodosWidget","route-local","exported","1","local"
"src/app/(authenticated)/events/[id]/AddManualBookingForm.tsx","49","AddManualBookingForm","route-local","exported","1","local"
"src/app/(authenticated)/events/[id]/EditAttendeeNamesModal.tsx","21","EditAttendeeNamesModal","route-local","exported","1","local"
"src/app/(authenticated)/events/[id]/EventDetailClient.tsx","165","EventDetailClient","route-local","exported","1","local"
"src/app/(authenticated)/events/[id]/EventDetailClient.tsx","787","OverviewTab","route-local","internal","1","local"
"src/app/(authenticated)/events/[id]/EventDetailClient.tsx","859","ShortLinksTab","route-local","internal","1","local"
"src/app/(authenticated)/events/[id]/EventDetailClient.tsx","944","AttendeesTab","route-local","internal","1","local"
"src/app/(authenticated)/events/[id]/EventDetailClient.tsx","1501","MarketingMessagesCard","route-local","internal","1","local"
"src/app/(authenticated)/events/[id]/EventDetailClient.tsx","1564","MarketingTab","route-local","internal","1","local"
"src/app/(authenticated)/events/[id]/EventDetailClient.tsx","1602","DetailRow","route-local","internal","2","local"
"src/app/(authenticated)/events/[id]/EventDetailClient.tsx","1624","CopyButton","route-local","internal","1","local"
"src/app/(authenticated)/events/[id]/EventTicketTypesCard.tsx","45","EventTicketTypesCard","route-local","exported","1","local"
"src/app/(authenticated)/events/[id]/loading.tsx","3","Loading","route-entry","exported","10","route"
"src/app/(authenticated)/events/[id]/page.tsx","26","EventDetailPage","route-entry","exported","1","route"
"src/app/(authenticated)/events/[id]/RefundBookingDialog.tsx","31","RefundBookingDialog","route-local","exported","1","local"
"src/app/(authenticated)/events/loading.tsx","3","Loading","route-entry","exported","10","route"
"src/app/(authenticated)/events/page.tsx","21","EventsPage","route-entry","exported","1","route"
"src/app/(authenticated)/events/todo/_components/TodoClient.tsx","39","TodoClient","route-local","exported","1","local"
"src/app/(authenticated)/events/todo/page.tsx","13","EventsTodoPage","route-entry","exported","1","route"
"src/app/(authenticated)/expenses/_components/ExpenseFileViewer.tsx","26","ExpenseFileViewer","route-local","exported","1","local"
"src/app/(authenticated)/expenses/_components/ExpenseForm.tsx","54","ExpenseForm","route-local","exported","1","local"
"src/app/(authenticated)/expenses/_components/ExpensesClient.tsx","64","ExpensesClient","route-local","exported","1","local"
"src/app/(authenticated)/expenses/_components/ExpensesClient.tsx","453","CheckIcon","route-local","internal","2","local"
"src/app/(authenticated)/expenses/_components/ExpensesClient.tsx","461","CrossIcon","route-local","internal","1","local"
"src/app/(authenticated)/expenses/insights/_components/ExpensesInsightsClient.tsx","48","ExpensesInsightsClient","route-local","exported","1","local"
"src/app/(authenticated)/expenses/insights/page.tsx","14","ExpensesInsightsPage","route-entry","exported","1","route"
"src/app/(authenticated)/expenses/page.tsx","7","ExpensesPage","route-entry","exported","1","route"
"src/app/(authenticated)/feedback-inbox/FeedbackInboxClient.tsx","51","StarRating","route-local","internal","2","local"
"src/app/(authenticated)/feedback-inbox/FeedbackInboxClient.tsx","75","ContactCell","route-local","internal","1","local"
"src/app/(authenticated)/feedback-inbox/FeedbackInboxClient.tsx","112","FeedbackControls","route-local","internal","1","local"
"src/app/(authenticated)/feedback-inbox/FeedbackInboxClient.tsx","207","FeedbackRow","route-local","internal","1","local"
"src/app/(authenticated)/feedback-inbox/FeedbackInboxClient.tsx","234","FeedbackCard","route-local","internal","1","local"
"src/app/(authenticated)/feedback-inbox/FeedbackInboxClient.tsx","259","FeedbackInboxClient","route-local","exported","1","local"
"src/app/(authenticated)/feedback-inbox/page.tsx","6","FeedbackInboxPage","route-entry","exported","1","route"
"src/app/(authenticated)/invoices/_components/InvoicesClient.tsx","148","InvoicesClient","route-local","exported","1","local"
"src/app/(authenticated)/invoices/[id]/edit/page.tsx","23","EditInvoicePage","route-entry","exported","1","route"
"src/app/(authenticated)/invoices/[id]/InvoiceDetailClient.tsx","78","PreviewSection","route-local","internal","1","local"
"src/app/(authenticated)/invoices/[id]/InvoiceDetailClient.tsx","100","EmptyPreviewMessage","route-local","internal","1","local"
"src/app/(authenticated)/invoices/[id]/InvoiceDetailClient.tsx","108","EntryPreviewTable","route-local","internal","1","local"
"src/app/(authenticated)/invoices/[id]/InvoiceDetailClient.tsx","159","RecurringPreviewTable","route-local","internal","1","local"
"src/app/(authenticated)/invoices/[id]/InvoiceDetailClient.tsx","206","LineItemsPreviewTable","route-local","internal","1","local"
"src/app/(authenticated)/invoices/[id]/InvoiceDetailClient.tsx","233","InvoiceDetailClient","route-local","exported","1","local"
"src/app/(authenticated)/invoices/[id]/page.tsx","13","InvoicePage","route-entry","exported","1","route"
"src/app/(authenticated)/invoices/[id]/payment/page.tsx","22","RecordPaymentPage","route-entry","exported","1","route"
"src/app/(authenticated)/invoices/catalog/page.tsx","26","LineItemCatalogPage","route-entry","exported","1","route"
"src/app/(authenticated)/invoices/export/page.tsx","19","InvoiceExportPage","route-entry","exported","1","route"
"src/app/(authenticated)/invoices/loading.tsx","3","Loading","route-entry","exported","10","route"
"src/app/(authenticated)/invoices/MobileInvoiceCard.tsx","22","MobileInvoiceCard","route-local","exported","1","local"
"src/app/(authenticated)/invoices/new/page.tsx","37","NewInvoicePage","route-entry","exported","1","route"
"src/app/(authenticated)/invoices/page.tsx","55","InvoicesPage","route-entry","exported","1","route"
"src/app/(authenticated)/invoices/recurring/[id]/edit/page.tsx","21","EditRecurringInvoicePage","route-entry","exported","1","route"
"src/app/(authenticated)/invoices/recurring/[id]/page.tsx","21","RecurringInvoiceDetailPage","route-entry","exported","1","route"
"src/app/(authenticated)/invoices/recurring/new/page.tsx","22","NewRecurringInvoicePage","route-entry","exported","1","route"
"src/app/(authenticated)/invoices/recurring/page.tsx","21","RecurringInvoicesPage","route-entry","exported","1","route"
"src/app/(authenticated)/invoices/vendors/page.tsx","22","PrimaryContactCell","route-entry","internal","1","route"
"src/app/(authenticated)/invoices/vendors/page.tsx","81","VendorsPage","route-entry","exported","2","route"
"src/app/(authenticated)/layout.tsx","46","Layout","route-entry","exported","1","route"
"src/app/(authenticated)/menu-management/_components/EditableCurrencyCell.tsx","14","EditableCurrencyCell","route-local","exported","1","local"
"src/app/(authenticated)/menu-management/_components/MenuDishesTable.tsx","281","MenuDishesTable","route-local","exported","1","local"
"src/app/(authenticated)/menu-management/_components/MenuManagementClient.tsx","137","MenuManagementClient","route-local","exported","1","local"
"src/app/(authenticated)/menu-management/_components/StatusToggleCell.tsx","13","StatusToggleCell","route-local","exported","1","local"
"src/app/(authenticated)/menu-management/dishes/_components/CompositionRow.tsx","188","IngredientCompositionRow","route-local","exported","1","local"
"src/app/(authenticated)/menu-management/dishes/_components/CompositionRow.tsx","452","RecipeCompositionRow","route-local","exported","1","local"
"src/app/(authenticated)/menu-management/dishes/_components/DishCompositionTab.tsx","247","DishCompositionTab","route-local","exported","1","local"
"src/app/(authenticated)/menu-management/dishes/_components/DishCompositionTab.tsx","496","CostBreakdownFooter","route-local","internal","1","local"
"src/app/(authenticated)/menu-management/dishes/_components/DishCompositionTab.tsx","645","Row","route-local","internal","1","local"
"src/app/(authenticated)/menu-management/dishes/_components/DishDrawer.tsx","53","DishDrawer","route-local","exported","1","local"
"src/app/(authenticated)/menu-management/dishes/_components/DishExpandedRow.tsx","127","DishExpandedRow","route-local","exported","1","local"
"src/app/(authenticated)/menu-management/dishes/_components/DishGpAnalysisTab.tsx","78","DishGpAnalysisTab","route-local","exported","1","local"
"src/app/(authenticated)/menu-management/dishes/_components/DishGpAnalysisTab.tsx","586","CombinationsSection","route-local","internal","1","local"
"src/app/(authenticated)/menu-management/dishes/_components/DishMenusTab.tsx","50","DishMenusTab","route-local","exported","1","local"
"src/app/(authenticated)/menu-management/dishes/_components/DishOverviewTab.tsx","47","DishOverviewTab","route-local","exported","1","local"
"src/app/(authenticated)/menu-management/dishes/page.tsx","184","MenuDishesPage","route-entry","exported","1","route"
"src/app/(authenticated)/menu-management/ingredients/_components/IngredientDietaryFlagsCell.tsx","29","IngredientDietaryFlagsCell","route-local","exported","1","local"
"src/app/(authenticated)/menu-management/ingredients/_components/IngredientDrawer.tsx","207","IngredientDrawer","route-local","exported","1","local"
"src/app/(authenticated)/menu-management/ingredients/_components/IngredientExpandedRow.tsx","63","IngredientExpandedRow","route-local","exported","1","local"
"src/app/(authenticated)/menu-management/ingredients/_components/PriceHistoryPopover.tsx","25","PriceHistoryPopover","route-local","exported","1","local"
"src/app/(authenticated)/menu-management/ingredients/page.tsx","232","MenuIngredientsPage","route-entry","exported","1","route"
"src/app/(authenticated)/menu-management/page.tsx","3","MenuManagementPage","route-entry","exported","1","route"
"src/app/(authenticated)/menu-management/recipes/_components/RecipeDrawer.tsx","112","RecipeDrawer","route-local","exported","1","local"
"src/app/(authenticated)/menu-management/recipes/_components/RecipeExpandedRow.tsx","66","RecipeExpandedRow","route-local","exported","1","local"
"src/app/(authenticated)/menu-management/recipes/_components/RecipeIngredientRow.tsx","77","RecipeIngredientRow","route-local","exported","1","local"
"src/app/(authenticated)/menu-management/recipes/page.tsx","125","MenuRecipesPage","route-entry","exported","1","route"
"src/app/(authenticated)/messages/_components/MessagesClient.tsx","120","MessagesClient","route-local","exported","1","local"
"src/app/(authenticated)/messages/bulk/BulkMessagesClient.tsx","70","BulkMessagesClient","route-local","exported","1","local"
"src/app/(authenticated)/messages/bulk/page.tsx","25","BulkMessagesPage","route-entry","exported","1","route"
"src/app/(authenticated)/messages/holding/_components/HoldingQueueActions.tsx","25","HoldingQueueActions","route-local","exported","1","local"
"src/app/(authenticated)/messages/holding/page.tsx","23","HoldingQueuePage","route-entry","exported","1","route"
"src/app/(authenticated)/messages/page.tsx","5","MessagesPage","route-entry","exported","1","route"
"src/app/(authenticated)/mgd/_components/CollectionForm.tsx","23","CollectionForm","route-local","exported","1","local"
"src/app/(authenticated)/mgd/_components/MgdClient.tsx","109","MgdClient","route-local","exported","1","local"
"src/app/(authenticated)/mgd/_components/MgdClient.tsx","692","MachineCountField","route-local","internal","1","local"
"src/app/(authenticated)/mgd/_components/MgdClient.tsx","769","HmrcFormatContent","route-local","internal","1","local"
"src/app/(authenticated)/mgd/insights/_components/MgdInsightsClient.tsx","45","MgdInsightsClient","route-local","exported","1","local"
"src/app/(authenticated)/mgd/insights/page.tsx","14","MgdInsightsPage","route-entry","exported","1","route"
"src/app/(authenticated)/mgd/page.tsx","12","MgdPage","route-entry","exported","1","route"
"src/app/(authenticated)/mileage/_components/DestinationsClient.tsx","44","DestinationsClient","route-local","exported","1","local"
"src/app/(authenticated)/mileage/_components/MileageClient.tsx","65","MileageClient","route-local","exported","1","local"
"src/app/(authenticated)/mileage/_components/TripForm.tsx","38","TripForm","route-local","exported","1","local"
"src/app/(authenticated)/mileage/destinations/page.tsx","14","MileageDestinationsPage","route-entry","exported","1","route"
"src/app/(authenticated)/mileage/insights/_components/MileageInsightsClient.tsx","49","MileageInsightsClient","route-local","exported","1","local"
"src/app/(authenticated)/mileage/insights/page.tsx","15","MileageInsightsPage","route-entry","exported","1","route"
"src/app/(authenticated)/mileage/page.tsx","13","MileagePage","route-entry","exported","1","route"
"src/app/(authenticated)/oj-projects/_components/OJProjectsNav.tsx","14","OJProjectsNav","route-local","exported","1","local"
"src/app/(authenticated)/oj-projects/_components/ProjectsOverview.tsx","82","ProjectsOverview","route-local","exported","1","local"
"src/app/(authenticated)/oj-projects/clients/_components/ClientsClient.tsx","191","ClientsClient","route-local","exported","1","local"
"src/app/(authenticated)/oj-projects/clients/page.tsx","4","OJClientsPage","route-entry","exported","1","route"
"src/app/(authenticated)/oj-projects/entries/_components/EntriesClient.tsx","83","EntriesClient","route-local","exported","1","local"
"src/app/(authenticated)/oj-projects/entries/page.tsx","7","OJEntriesPage","route-entry","exported","1","route"
"src/app/(authenticated)/oj-projects/layout.tsx","6","OJProjectsLayout","route-entry","exported","1","route"
"src/app/(authenticated)/oj-projects/page.tsx","8","OJProjectsOverviewPage","route-entry","exported","1","route"
"src/app/(authenticated)/oj-projects/projects/_components/ProjectsClient.tsx","71","ProjectsClient","route-local","exported","1","local"
"src/app/(authenticated)/oj-projects/projects/[id]/_components/ProjectDetailClient.tsx","46","ProjectDetailClient","route-local","exported","1","local"
"src/app/(authenticated)/oj-projects/projects/[id]/page.tsx","11","OJProjectDetailPage","route-entry","exported","1","route"
"src/app/(authenticated)/oj-projects/projects/page.tsx","5","OJProjectsListPage","route-entry","exported","1","route"
"src/app/(authenticated)/oj-projects/work-types/_components/WorkTypesClient.tsx","49","WorkTypesClient","route-local","exported","1","local"
"src/app/(authenticated)/oj-projects/work-types/page.tsx","4","OJWorkTypesPage","route-entry","exported","1","route"
"src/app/(authenticated)/parking/_components/ParkingClient.tsx","141","ParkingClient","route-local","exported","1","local"
"src/app/(authenticated)/parking/_components/ParkingClient.tsx","1006","DetailRow","route-local","internal","2","local"
"src/app/(authenticated)/parking/_components/RefundDialog.tsx","33","RefundDialog","route-local","exported","2","local"
"src/app/(authenticated)/parking/_components/RefundHistoryTable.tsx","45","RefundHistoryTable","route-local","exported","2","local"
"src/app/(authenticated)/parking/page.tsx","5","ParkingPage","route-entry","exported","1","route"
"src/app/(authenticated)/private-bookings/_components/PrivateBookingsClient.tsx","75","PlusIcon","route-local","internal","2","local"
"src/app/(authenticated)/private-bookings/_components/PrivateBookingsClient.tsx","134","PrivateBookingsClient","route-local","exported","1","local"
"src/app/(authenticated)/private-bookings/[id]/communications/page.tsx","17","PrivateBookingCommunicationsPage","route-entry","exported","1","route"
"src/app/(authenticated)/private-bookings/[id]/edit/page.tsx","55","EditPrivateBookingPage","route-entry","exported","1","route"
"src/app/(authenticated)/private-bookings/[id]/items/page.tsx","135","AddItemModal","route-entry","internal","2","route"
"src/app/(authenticated)/private-bookings/[id]/items/page.tsx","605","EditItemModal","route-entry","internal","2","route"
"src/app/(authenticated)/private-bookings/[id]/items/page.tsx","735","ItemsPage","route-entry","exported","1","route"
"src/app/(authenticated)/private-bookings/[id]/messages/page.tsx","14","PrivateBookingMessagesPage","route-entry","exported","1","route"
"src/app/(authenticated)/private-bookings/[id]/messages/PrivateBookingMessagesClient.tsx","122","PrivateBookingMessagesClient","route-local","exported","1","local"
"src/app/(authenticated)/private-bookings/[id]/page.tsx","17","PrivateBookingDetailPage","route-entry","exported","1","route"
"src/app/(authenticated)/private-bookings/[id]/PaymentHistoryTable.tsx","25","PaymentHistoryTable","route-local","exported","1","local"
"src/app/(authenticated)/private-bookings/[id]/PrivateBookingDetailClient.tsx","249","PaymentModal","route-local","internal","1","local"
"src/app/(authenticated)/private-bookings/[id]/PrivateBookingDetailClient.tsx","396","SortableBookingItem","route-local","internal","1","local"
"src/app/(authenticated)/private-bookings/[id]/PrivateBookingDetailClient.tsx","556","StatusModal","route-local","internal","1","local"
"src/app/(authenticated)/private-bookings/[id]/PrivateBookingDetailClient.tsx","954","AddItemModal","route-local","internal","2","local"
"src/app/(authenticated)/private-bookings/[id]/PrivateBookingDetailClient.tsx","1365","DiscountModal","route-local","internal","1","local"
"src/app/(authenticated)/private-bookings/[id]/PrivateBookingDetailClient.tsx","1509","EditItemModal","route-local","internal","2","local"
"src/app/(authenticated)/private-bookings/[id]/PrivateBookingDetailClient.tsx","1671","PrivateBookingDetailClient","route-local","exported","1","local"
"src/app/(authenticated)/private-bookings/calendar/page.tsx","7","PrivateBookingsCalendarPage","route-entry","exported","1","route"
"src/app/(authenticated)/private-bookings/loading.tsx","3","Loading","route-entry","exported","10","route"
"src/app/(authenticated)/private-bookings/new/page.tsx","37","NewPrivateBookingPage","route-entry","exported","1","route"
"src/app/(authenticated)/private-bookings/page.tsx","9","PrivateBookingsPage","route-entry","exported","1","route"
"src/app/(authenticated)/private-bookings/PrivateBookingDetailServer.tsx","12","PrivateBookingDetailServer","route-local","exported","1","local"
"src/app/(authenticated)/private-bookings/settings/catering/page.tsx","8","CateringPackagesPage","route-entry","exported","1","route"
"src/app/(authenticated)/private-bookings/settings/page.tsx","13","PrivateBookingsSettingsPage","route-entry","exported","1","route"
"src/app/(authenticated)/private-bookings/settings/spaces/page.tsx","110","VenueSpacesPage","route-entry","exported","1","route"
"src/app/(authenticated)/private-bookings/settings/vendors/page.tsx","93","VendorsPage","route-entry","exported","2","route"
"src/app/(authenticated)/private-bookings/sms-queue/page.tsx","78","SmsQueuePage","route-entry","exported","1","route"
"src/app/(authenticated)/profile/_components/ProfileClient.tsx","56","ProfileClient","route-local","exported","1","local"
"src/app/(authenticated)/profile/change-password/page.tsx","14","ChangePasswordPage","route-entry","exported","1","route"
"src/app/(authenticated)/profile/page.tsx","3","ProfilePage","route-entry","exported","1","route"
"src/app/(authenticated)/quotes/_components/QuotesClient.tsx","105","QuotesClient","route-local","exported","1","local"
"src/app/(authenticated)/quotes/[id]/convert/page.tsx","24","ConvertQuotePage","route-entry","exported","1","route"
"src/app/(authenticated)/quotes/[id]/edit/page.tsx","24","EditQuotePage","route-entry","exported","1","route"
"src/app/(authenticated)/quotes/[id]/page.tsx","29","QuoteDetailPage","route-entry","exported","1","route"
"src/app/(authenticated)/quotes/new/page.tsx","36","NewQuotePage","route-entry","exported","1","route"
"src/app/(authenticated)/quotes/page.tsx","6","QuotesPage","route-entry","exported","1","route"
"src/app/(authenticated)/receipts/_components/PnlClient.tsx","63","MetricCard","route-local","internal","1","local"
"src/app/(authenticated)/receipts/_components/PnlClient.tsx","91","PnlClient","route-local","exported","1","local"
"src/app/(authenticated)/receipts/_components/ReceiptBulkReviewClient.tsx","81","ReceiptBulkReviewClient","route-local","exported","1","local"
"src/app/(authenticated)/receipts/_components/ReceiptsClient.tsx","71","ReceiptsClient","route-local","exported","1","local"
"src/app/(authenticated)/receipts/_components/ReceiptsPageChrome.tsx","29","ReceiptsPageChrome","route-local","exported","1","local"
"src/app/(authenticated)/receipts/_components/ui/ReceiptExport.tsx","9","ReceiptExport","route-local","exported","1","local"
"src/app/(authenticated)/receipts/_components/ui/ReceiptFilters.tsx","44","ReceiptFilters","route-local","exported","1","local"
"src/app/(authenticated)/receipts/_components/ui/ReceiptList.tsx","84","ReceiptList","route-local","exported","1","local"
"src/app/(authenticated)/receipts/_components/ui/ReceiptMobileCard.tsx","40","ReceiptMobileCard","route-local","exported","1","local"
"src/app/(authenticated)/receipts/_components/ui/ReceiptReclassify.tsx","10","ReceiptReclassify","route-local","exported","1","local"
"src/app/(authenticated)/receipts/_components/ui/ReceiptRules.tsx","81","MatchDescriptionTokenPreview","route-local","internal","1","local"
"src/app/(authenticated)/receipts/_components/ui/ReceiptRules.tsx","104","RulePreviewPanel","route-local","internal","1","local"
"src/app/(authenticated)/receipts/_components/ui/ReceiptRules.tsx","129","ReceiptRules","route-local","exported","1","local"
"src/app/(authenticated)/receipts/_components/ui/ReceiptStats.tsx","26","ReceiptStats","route-local","exported","1","local"
"src/app/(authenticated)/receipts/_components/ui/ReceiptTableRow.tsx","41","SourceBadge","route-local","exported","1","local"
"src/app/(authenticated)/receipts/_components/ui/ReceiptTableRow.tsx","53","ClassificationBadge","route-local","internal","1","local"
"src/app/(authenticated)/receipts/_components/ui/ReceiptTableRow.tsx","78","ReceiptTableRow","route-local","exported","1","local"
"src/app/(authenticated)/receipts/_components/ui/ReceiptUpload.tsx","20","ReceiptUpload","route-local","exported","1","local"
"src/app/(authenticated)/receipts/bulk/page.tsx","18","ReceiptsBulkPage","route-entry","exported","1","route"
"src/app/(authenticated)/receipts/missing-expense/page.tsx","23","ReceiptsMissingExpensePage","route-entry","exported","1","route"
"src/app/(authenticated)/receipts/missing-expense/page.tsx","141","SummaryCard","route-entry","internal","1","route"
"src/app/(authenticated)/receipts/monthly/MonthlyCharts.tsx","26","MonthlyCharts","route-local","exported","1","local"
"src/app/(authenticated)/receipts/monthly/MonthlyCharts.tsx","93","Bar","route-local","internal","1","local"
"src/app/(authenticated)/receipts/monthly/MonthlyCharts.tsx","120","LegendSwatch","route-local","internal","1","local"
"src/app/(authenticated)/receipts/monthly/MonthlyCharts.tsx","134","StackedBreakdownChart","route-local","exported","1","local"
"src/app/(authenticated)/receipts/monthly/page.tsx","89","ReceiptsMonthlyPage","route-entry","exported","1","route"
"src/app/(authenticated)/receipts/monthly/page.tsx","375","StatCard","route-entry","internal","1","route"
"src/app/(authenticated)/receipts/monthly/page.tsx","411","ChangePill","route-entry","internal","1","route"
"src/app/(authenticated)/receipts/monthly/page.tsx","444","InsightsFeed","route-entry","internal","1","route"
"src/app/(authenticated)/receipts/monthly/page.tsx","487","TopList","route-entry","internal","1","route"
"src/app/(authenticated)/receipts/page.tsx","26","ReceiptsPage","route-entry","exported","1","route"
"src/app/(authenticated)/receipts/pnl/page.tsx","9","ReceiptsPnlPage","route-entry","exported","1","route"
"src/app/(authenticated)/receipts/vendors/_components/VendorSummaryGrid.tsx","118","VendorSummaryGrid","route-local","exported","1","local"
"src/app/(authenticated)/receipts/vendors/_components/VendorSummaryGrid.tsx","310","SegmentedControl","route-local","internal","1","local"
"src/app/(authenticated)/receipts/vendors/_components/VendorSummaryGrid.tsx","353","MovementMetric","route-local","internal","1","local"
"src/app/(authenticated)/receipts/vendors/_components/VendorSummaryGrid.tsx","381","DivergingMovementChart","route-local","internal","1","local"
"src/app/(authenticated)/receipts/vendors/_components/VendorSummaryGrid.tsx","422","VendorMovementPanel","route-local","internal","1","local"
"src/app/(authenticated)/receipts/vendors/_components/VendorSummaryGrid.tsx","721","VendorDetailDrawer","route-local","internal","1","local"
"src/app/(authenticated)/receipts/vendors/_components/VendorSummaryGrid.tsx","864","MonthlyMovementTable","route-local","internal","1","local"
"src/app/(authenticated)/receipts/vendors/_components/VendorSummaryGrid.tsx","911","TransactionTable","route-local","internal","1","local"
"src/app/(authenticated)/receipts/vendors/_components/VendorSummaryGrid.tsx","960","Metric","route-local","internal","2","local"
"src/app/(authenticated)/receipts/vendors/page.tsx","10","ReceiptsVendorsPage","route-entry","exported","1","route"
"src/app/(authenticated)/recruitment/_components/RecruitmentDashboardClient.tsx","1106","Field","route-local","internal","2","local"
"src/app/(authenticated)/recruitment/_components/RecruitmentDashboardClient.tsx","1116","SlotDateTimeInput","route-local","internal","1","local"
"src/app/(authenticated)/recruitment/_components/RecruitmentDashboardClient.tsx","1184","ActionStateMessage","route-local","internal","1","local"
"src/app/(authenticated)/recruitment/_components/RecruitmentDashboardClient.tsx","1193","ProfileField","route-local","internal","1","local"
"src/app/(authenticated)/recruitment/_components/RecruitmentDashboardClient.tsx","1210","SubmitButton","route-local","internal","8","local"
"src/app/(authenticated)/recruitment/_components/RecruitmentDashboardClient.tsx","1229","ActionFeedbackForm","route-local","internal","1","local"
"src/app/(authenticated)/recruitment/_components/RecruitmentDashboardClient.tsx","1308","RecruitmentDashboardClient","route-local","exported","1","local"
"src/app/(authenticated)/recruitment/page.tsx","9","RecruitmentPage","route-entry","exported","1","route"
"src/app/(authenticated)/roles/[id]/edit/page.tsx","10","EditRolePage","route-entry","exported","1","route"
"src/app/(authenticated)/roles/components/RoleCard.tsx","19","RoleCard","shared-component","exported","1","review"
"src/app/(authenticated)/roles/components/RoleForm.tsx","17","RoleForm","shared-component","exported","1","review"
"src/app/(authenticated)/roles/components/RoleList.tsx","14","RoleList","shared-component","exported","1","review"
"src/app/(authenticated)/roles/components/RolePermissionsModal.tsx","26","RolePermissionsModal","shared-component","exported","1","review"
"src/app/(authenticated)/roles/new/page.tsx","6","NewRolePage","route-entry","exported","1","route"
"src/app/(authenticated)/roles/page.tsx","8","RolesPage","route-entry","exported","1","route"
"src/app/(authenticated)/rota/AddShiftsModal.tsx","79","AddShiftsModal","route-local","exported","1","local"
"src/app/(authenticated)/rota/BookHolidayModal.tsx","33","BookHolidayModal","route-local","exported","1","local"
"src/app/(authenticated)/rota/CreateShiftModal.tsx","40","CreateShiftModal","route-local","exported","1","local"
"src/app/(authenticated)/rota/CreateShiftModal.tsx","294","PremiumControl","route-local","exported","1","local"
"src/app/(authenticated)/rota/dashboard/page.tsx","98","BudgetCard","route-entry","internal","1","route"
"src/app/(authenticated)/rota/dashboard/page.tsx","155","RotaDashboardPage","route-entry","exported","1","route"
"src/app/(authenticated)/rota/HolidayDetailModal.tsx","37","HolidayDetailModal","route-local","exported","1","local"
"src/app/(authenticated)/rota/hours/HoursByEmployeeClient.tsx","178","HoursTooltip","route-local","internal","1","local"
"src/app/(authenticated)/rota/hours/HoursByEmployeeClient.tsx","270","EmployeeMultiSelect","route-local","internal","1","local"
"src/app/(authenticated)/rota/hours/HoursByEmployeeClient.tsx","441","HoursByEmployeeClient","route-local","exported","1","local"
"src/app/(authenticated)/rota/hours/page.tsx","151","RotaHoursPage","route-entry","exported","1","route"
"src/app/(authenticated)/rota/leave/LeaveManagerClient.tsx","47","LeaveRequestRow","route-local","internal","1","local"
"src/app/(authenticated)/rota/leave/LeaveManagerClient.tsx","349","LeaveManagerClient","route-local","exported","1","local"
"src/app/(authenticated)/rota/leave/page.tsx","13","LeaveManagementPage","route-entry","exported","1","route"
"src/app/(authenticated)/rota/loading.tsx","3","Loading","route-entry","exported","10","route"
"src/app/(authenticated)/rota/MarkSickModal.tsx","30","MarkSickModal","route-local","exported","1","local"
"src/app/(authenticated)/rota/page.tsx","73","RotaPage","route-entry","exported","1","route"
"src/app/(authenticated)/rota/payroll/page.tsx","21","PayrollPage","route-entry","exported","1","route"
"src/app/(authenticated)/rota/payroll/PayrollClient.tsx","35","DayInfoChips","route-local","internal","1","local"
"src/app/(authenticated)/rota/payroll/PayrollClient.tsx","118","FlagChips","route-local","internal","1","local"
"src/app/(authenticated)/rota/payroll/PayrollClient.tsx","153","PayrollClient","route-local","exported","1","local"
"src/app/(authenticated)/rota/payroll/PayrollSummaryBar.tsx","25","PayrollSummaryBar","route-local","exported","1","local"
"src/app/(authenticated)/rota/print/page.tsx","74","ShiftCell","route-entry","internal","1","route"
"src/app/(authenticated)/rota/print/page.tsx","132","RotaPrintPage","route-entry","exported","1","route"
"src/app/(authenticated)/rota/print/PrintTrigger.tsx","16","PrintTrigger","route-local","exported","1","local"
"src/app/(authenticated)/rota/RotaFeedButton.tsx","13","RotaFeedButton","route-local","exported","1","local"
"src/app/(authenticated)/rota/RotaGrid.tsx","235","ShiftAcceptanceIcon","route-local","internal","1","local"
"src/app/(authenticated)/rota/RotaGrid.tsx","275","SummaryPill","route-local","internal","1","local"
"src/app/(authenticated)/rota/RotaGrid.tsx","308","DraggableShiftBlock","route-local","internal","1","local"
"src/app/(authenticated)/rota/RotaGrid.tsx","363","ShiftBlockOverlay","route-local","internal","1","local"
"src/app/(authenticated)/rota/RotaGrid.tsx","402","CouldntWorkBlock","route-local","internal","1","local"
"src/app/(authenticated)/rota/RotaGrid.tsx","428","RejectedShiftBlock","route-local","internal","1","local"
"src/app/(authenticated)/rota/RotaGrid.tsx","470","DroppableCell","route-local","internal","1","local"
"src/app/(authenticated)/rota/RotaGrid.tsx","571","RotaGrid","route-local","exported","1","local"
"src/app/(authenticated)/rota/RotaPublishStatus.tsx","11","RotaPublishStatus","route-local","exported","1","local"
"src/app/(authenticated)/rota/ShiftDetailModal.tsx","163","ShiftDetailModal","route-local","exported","1","local"
"src/app/(authenticated)/rota/templates/page.tsx","14","ShiftTemplatesPage","route-entry","exported","1","route"
"src/app/(authenticated)/rota/templates/ShiftTemplatesManager.tsx","66","TemplateForm","route-local","internal","1","local"
"src/app/(authenticated)/rota/templates/ShiftTemplatesManager.tsx","236","TemplateRow","route-local","internal","1","local"
"src/app/(authenticated)/rota/templates/ShiftTemplatesManager.tsx","328","ShiftTemplatesManager","route-local","exported","1","local"
"src/app/(authenticated)/rota/timeclock/page.tsx","20","TimeclockPage","route-entry","exported","2","route"
"src/app/(authenticated)/rota/timeclock/TimeclockManager.tsx","107","TimeclockManager","route-local","exported","1","local"
"src/app/(authenticated)/settings/_components/SettingsClient.tsx","62","GeneralSection","route-local","internal","1","local"
"src/app/(authenticated)/settings/_components/SettingsClient.tsx","392","SettingsClient","route-local","exported","1","local"
"src/app/(authenticated)/settings/api-keys/ApiKeysManager.tsx","46","KeyForm","route-local","internal","1","local"
"src/app/(authenticated)/settings/api-keys/ApiKeysManager.tsx","141","ApiKeysManager","route-local","exported","1","local"
"src/app/(authenticated)/settings/api-keys/page.tsx","14","ApiKeysPage","route-entry","exported","1","route"
"src/app/(authenticated)/settings/audit-logs/AuditLogsClient.tsx","133","AuditLogsClient","route-local","exported","1","local"
"src/app/(authenticated)/settings/audit-logs/page.tsx","6","AuditLogsPage","route-entry","exported","1","route"
"src/app/(authenticated)/settings/background-jobs/BackgroundJobsClient.tsx","59","BackgroundJobsClient","route-local","exported","1","local"
"src/app/(authenticated)/settings/background-jobs/page.tsx","6","BackgroundJobsPage","route-entry","exported","1","route"
"src/app/(authenticated)/settings/budgets/BudgetsManager.tsx","19","BudgetRow","route-local","internal","1","local"
"src/app/(authenticated)/settings/budgets/BudgetsManager.tsx","147","AddDepartmentForm","route-local","internal","1","local"
"src/app/(authenticated)/settings/budgets/BudgetsManager.tsx","195","BudgetsManager","route-local","exported","1","local"
"src/app/(authenticated)/settings/budgets/page.tsx","11","BudgetsPage","route-entry","exported","1","route"
"src/app/(authenticated)/settings/business-hours/BusinessHoursManager.tsx","18","BusinessHoursManager","route-local","exported","1","local"
"src/app/(authenticated)/settings/business-hours/page.tsx","16","BusinessHoursPage","route-entry","exported","1","route"
"src/app/(authenticated)/settings/business-hours/SpecialHoursCalendar.tsx","54","SpecialHoursCalendar","route-local","exported","1","local"
"src/app/(authenticated)/settings/business-hours/SpecialHoursClientWrapper.tsx","23","SpecialHoursClientWrapper","route-local","exported","1","local"
"src/app/(authenticated)/settings/business-hours/SpecialHoursModal.tsx","23","SpecialHoursModal","route-local","exported","1","local"
"src/app/(authenticated)/settings/calendar-notes/CalendarNotesManager.tsx","82","CalendarNotesManager","route-local","exported","1","local"
"src/app/(authenticated)/settings/calendar-notes/page.tsx","11","CalendarNotesSettingsPage","route-entry","exported","1","route"
"src/app/(authenticated)/settings/categories/CategoriesClient.tsx","24","CategoriesClient","route-local","exported","1","local"
"src/app/(authenticated)/settings/categories/page.tsx","6","CategoriesPage","route-entry","exported","1","route"
"src/app/(authenticated)/settings/customer-labels/CustomerLabelsClient.tsx","59","CustomerLabelIcon","route-local","internal","1","local"
"src/app/(authenticated)/settings/customer-labels/CustomerLabelsClient.tsx","70","CustomerLabelsClient","route-local","exported","1","local"
"src/app/(authenticated)/settings/customer-labels/page.tsx","7","CustomerLabelsPage","route-entry","exported","1","route"
"src/app/(authenticated)/settings/design-system/page.tsx","113","Section","route-entry","internal","3","route"
"src/app/(authenticated)/settings/design-system/page.tsx","132","SubSection","route-entry","internal","1","route"
"src/app/(authenticated)/settings/design-system/page.tsx","143","CodeBlock","route-entry","internal","1","route"
"src/app/(authenticated)/settings/design-system/page.tsx","160","CopyableClass","route-entry","internal","1","route"
"src/app/(authenticated)/settings/design-system/page.tsx","190","DesignSystemPage","route-entry","exported","1","route"
"src/app/(authenticated)/settings/event-categories/page.tsx","27","EventCategoriesPage","route-entry","exported","1","route"
"src/app/(authenticated)/settings/gdpr/page.tsx","17","GDPRSettingsPage","route-entry","exported","1","route"
"src/app/(authenticated)/settings/import-messages/ImportMessagesClient.tsx","32","ImportMessagesClient","route-local","exported","1","local"
"src/app/(authenticated)/settings/import-messages/page.tsx","6","ImportMessagesPage","route-entry","exported","1","route"
"src/app/(authenticated)/settings/menu-target/MenuTargetForm.tsx","19","MenuTargetForm","route-local","exported","1","local"
"src/app/(authenticated)/settings/menu-target/page.tsx","11","MenuTargetSettingsPage","route-entry","exported","1","route"
"src/app/(authenticated)/settings/message-templates/MessageTemplatesClient.tsx","86","MessageTemplatesClient","route-local","exported","1","local"
"src/app/(authenticated)/settings/message-templates/page.tsx","6","MessageTemplatesPage","route-entry","exported","1","route"
"src/app/(authenticated)/settings/page.tsx","6","SettingsPage","route-entry","exported","1","route"
"src/app/(authenticated)/settings/pay-bands/page.tsx","11","PayBandsPage","route-entry","exported","1","route"
"src/app/(authenticated)/settings/pay-bands/PayBandsManager.tsx","35","RateHistory","route-local","internal","1","local"
"src/app/(authenticated)/settings/pay-bands/PayBandsManager.tsx","236","BandCard","route-local","internal","1","local"
"src/app/(authenticated)/settings/pay-bands/PayBandsManager.tsx","368","PayBandsManager","route-local","exported","1","local"
"src/app/(authenticated)/settings/rota/page.tsx","11","RotaSettingsPage","route-entry","exported","1","route"
"src/app/(authenticated)/settings/rota/RotaSettingsManager.tsx","21","RotaSettingsManager","route-local","exported","1","local"
"src/app/(authenticated)/settings/sms-failures/page.tsx","114","SmsFailuresPage","route-entry","exported","1","route"
"src/app/(authenticated)/settings/table-bookings/page.tsx","8","TableSetupSettingsPage","route-entry","exported","1","route"
"src/app/(authenticated)/settings/table-bookings/TableSetupManager.tsx","118","TableSetupManager","route-local","exported","1","local"
"src/app/(authenticated)/short-links/_components/PortalMenu.tsx","37","PortalMenu","route-local","exported","1","local"
"src/app/(authenticated)/short-links/_components/ShortLinkActionsMenu.tsx","49","ShortLinkActionsMenu","route-local","exported","1","local"
"src/app/(authenticated)/short-links/_components/ShortLinkAnalyticsModal.tsx","26","ShortLinkAnalyticsModal","route-local","exported","1","local"
"src/app/(authenticated)/short-links/_components/ShortLinkFormModal.tsx","26","ShortLinkFormModal","route-local","exported","1","local"
"src/app/(authenticated)/short-links/_components/ShortLinksClient.tsx","122","CompactStat","route-local","internal","1","local"
"src/app/(authenticated)/short-links/_components/ShortLinksClient.tsx","170","ShortLinksClient","route-local","exported","1","local"
"src/app/(authenticated)/short-links/insights/_components/InsightsClient.tsx","28","InsightsClient","route-local","exported","2","local"
"src/app/(authenticated)/short-links/insights/page.tsx","5","ShortLinksInsightsPage","route-entry","exported","1","route"
"src/app/(authenticated)/short-links/legacy-domain/page.tsx","58","RangeSelector","route-entry","internal","1","route"
"src/app/(authenticated)/short-links/legacy-domain/page.tsx","81","ErrorState","route-entry","internal","1","route"
"src/app/(authenticated)/short-links/legacy-domain/page.tsx","91","SummaryCards","route-entry","internal","1","route"
"src/app/(authenticated)/short-links/legacy-domain/page.tsx","134","LinkUsageCard","route-entry","internal","1","route"
"src/app/(authenticated)/short-links/legacy-domain/page.tsx","196","LegacyDomainPage","route-entry","exported","1","route"
"src/app/(authenticated)/short-links/page.tsx","7","ShortLinksPage","route-entry","exported","1","route"
"src/app/(authenticated)/table-bookings/[id]/BookingDetailClient.tsx","188","SectionCard","route-local","internal","1","local"
"src/app/(authenticated)/table-bookings/[id]/BookingDetailClient.tsx","215","DetailItem","route-local","internal","3","local"
"src/app/(authenticated)/table-bookings/[id]/BookingDetailClient.tsx","224","StatusBadge","route-local","internal","2","local"
"src/app/(authenticated)/table-bookings/[id]/BookingDetailClient.tsx","371","BookingDetailClient","route-local","exported","1","local"
"src/app/(authenticated)/table-bookings/[id]/page.tsx","12","BookingDetailPage","route-entry","exported","1","route"
"src/app/(authenticated)/table-bookings/boh/BohBookingsClient.tsx","346","BohBookingsClient","route-local","exported","1","local"
"src/app/(authenticated)/table-bookings/boh/MessageGuestsModal.tsx","31","MessageGuestsModal","route-local","exported","1","local"
"src/app/(authenticated)/table-bookings/boh/page.tsx","10","TableBookingsBohPage","route-entry","exported","1","route"
"src/app/(authenticated)/table-bookings/foh/components/FohBookingDetailModal.tsx","47","FohBookingDetailModal","shared-component","exported","1","review"
"src/app/(authenticated)/table-bookings/foh/components/FohBookingDetailModal.tsx","204","BookingActions","shared-component","internal","1","review"
"src/app/(authenticated)/table-bookings/foh/components/FohCreateBookingModal.tsx","88","FohCreateBookingModal","shared-component","exported","1","review"
"src/app/(authenticated)/table-bookings/foh/components/FohHeader.tsx","35","FohHeader","shared-component","exported","1","review"
"src/app/(authenticated)/table-bookings/foh/components/FohMiniModals.tsx","15","FohPartySizeModal","shared-component","exported","1","review"
"src/app/(authenticated)/table-bookings/foh/components/FohMiniModals.tsx","78","FohWalkoutModal","shared-component","exported","1","review"
"src/app/(authenticated)/table-bookings/foh/components/FohOutsideBookings.tsx","18","FohOutsideBookings","shared-component","exported","1","review"
"src/app/(authenticated)/table-bookings/foh/components/FohTimeline.tsx","66","BookingBadges","shared-component","internal","1","review"
"src/app/(authenticated)/table-bookings/foh/components/FohTimeline.tsx","82","FohTimeline","shared-component","exported","1","review"
"src/app/(authenticated)/table-bookings/foh/components/FohTimeline.tsx","259","LaneRow","shared-component","internal","1","review"
"src/app/(authenticated)/table-bookings/foh/components/FohUnassignedBookings.tsx","14","FohUnassignedBookings","shared-component","exported","1","review"
"src/app/(authenticated)/table-bookings/foh/FohClockWidget.tsx","34","FohClockWidget","route-local","exported","1","local"
"src/app/(authenticated)/table-bookings/foh/FohScheduleClient.tsx","38","FohScheduleClient","route-local","exported","1","local"
"src/app/(authenticated)/table-bookings/foh/page.tsx","16","TableBookingsFohPage","route-entry","exported","1","route"
"src/app/(authenticated)/table-bookings/loading.tsx","3","Loading","route-entry","exported","10","route"
"src/app/(authenticated)/table-bookings/reports/page.tsx","60","TableBookingReportsPage","route-entry","exported","1","route"
"src/app/(authenticated)/users/_components/RolesContent.tsx","68","RolesContent","route-local","exported","1","local"
"src/app/(authenticated)/users/_components/UsersClient.tsx","21","UsersClient","route-local","exported","1","local"
"src/app/(authenticated)/users/_components/UsersContent.tsx","54","UsersContent","route-local","exported","1","local"
"src/app/(authenticated)/users/components/UserRolesModal.tsx","25","UserRolesModal","shared-component","exported","1","review"
"src/app/(authenticated)/users/page.tsx","8","UsersPage","route-entry","exported","1","route"
"src/app/(employee-onboarding)/layout.tsx","3","EmployeeOnboardingLayout","route-entry","exported","1","route"
"src/app/(employee-onboarding)/onboarding/[token]/_components/OnboardingClient.tsx","39","OnboardingClient","route-local","exported","1","local"
"src/app/(employee-onboarding)/onboarding/[token]/_components/OnboardingClient.tsx","60","PortalAccessSetup","route-local","internal","1","local"
"src/app/(employee-onboarding)/onboarding/[token]/_components/OnboardingClient.tsx","85","OnboardingFlow","route-local","internal","1","local"
"src/app/(employee-onboarding)/onboarding/[token]/page.tsx","10","OnboardingPage","route-entry","exported","1","route"
"src/app/(employee-onboarding)/onboarding/[token]/steps/CreateAccountStep.tsx","15","CreateAccountStep","route-local","exported","1","local"
"src/app/(employee-onboarding)/onboarding/[token]/steps/EmergencyContactsStep.tsx","33","EmergencyContactsStep","route-local","exported","1","local"
"src/app/(employee-onboarding)/onboarding/[token]/steps/FinancialStep.tsx","23","FinancialStep","route-local","exported","1","local"
"src/app/(employee-onboarding)/onboarding/[token]/steps/HealthStep.tsx","34","HealthStep","route-local","exported","1","local"
"src/app/(employee-onboarding)/onboarding/[token]/steps/PersonalStep.tsx","22","PersonalStep","route-local","exported","1","local"
"src/app/(employee-onboarding)/onboarding/[token]/steps/ReviewStep.tsx","17","ReviewStep","route-local","exported","1","local"
"src/app/(employee-onboarding)/onboarding/success/page.tsx","7","OnboardingSuccessPage","route-entry","exported","1","route"
"src/app/(event-kiosk)/events/[id]/check-in/EventCheckInClient.tsx","28","EventCheckInClient","route-local","exported","1","local"
"src/app/(event-kiosk)/events/[id]/check-in/page.tsx","23","EventCheckInPage","route-entry","exported","1","route"
"src/app/(feedback)/feedback/page.tsx","15","FeedbackLandingPage","route-entry","exported","1","route"
"src/app/(feedback)/feedback/tell-us/page.tsx","12","TellUsPage","route-entry","exported","1","route"
"src/app/(feedback)/feedback/tell-us/TellUsClient.tsx","13","TellUsClient","route-local","exported","1","local"
"src/app/(feedback)/feedback/thanks/page.tsx","7","FeedbackThanksPage","route-entry","exported","1","route"
"src/app/(staff-portal)/layout.tsx","15","StaffPortalLayout","route-entry","exported","1","route"
"src/app/(staff-portal)/portal/leave/CancelLeaveRequestButton.tsx","11","CancelLeaveRequestButton","route-local","exported","1","local"
"src/app/(staff-portal)/portal/leave/LeaveRequestForm.tsx","22","LeaveRequestForm","route-local","exported","1","local"
"src/app/(staff-portal)/portal/leave/new/page.tsx","7","NewLeaveRequestPage","route-entry","exported","1","route"
"src/app/(staff-portal)/portal/leave/page.tsx","35","MyLeavePage","route-entry","exported","1","route"
"src/app/(staff-portal)/portal/shifts/CalendarSubscribeButton.tsx","6","CalendarSubscribeButton","route-local","exported","1","local"
"src/app/(staff-portal)/portal/shifts/loading.tsx","3","Loading","route-entry","exported","10","route"
"src/app/(staff-portal)/portal/shifts/OpenShiftRequestButton.tsx","13","OpenShiftRequestButton","route-local","exported","1","local"
"src/app/(staff-portal)/portal/shifts/page.tsx","464","MyShiftsPage","route-entry","exported","1","route"
"src/app/(staff-portal)/portal/shifts/PaySummaryCard.tsx","29","PaySummaryCard","route-local","exported","1","local"
"src/app/(staff-portal)/portal/shifts/ShiftDecisionControls.tsx","28","ShiftDecisionControls","route-local","exported","1","local"
"src/app/(timeclock)/layout.tsx","7","TimeclockLayout","route-entry","exported","1","route"
"src/app/(timeclock)/timeclock/_components/TimeclockClient.tsx","29","TimeclockClient","route-local","exported","1","local"
"src/app/(timeclock)/timeclock/page.tsx","8","TimeclockPage","route-entry","exported","2","route"
"src/app/auth/layout.tsx","1","AuthLayout","route-entry","exported","1","route"
"src/app/auth/login/_components/LoginClient.tsx","42","LoginClient","route-local","exported","1","local"
"src/app/auth/login/page.tsx","7","LoginPage","route-entry","exported","1","route"
"src/app/auth/recover/page.tsx","1","RecoverPage","route-entry","exported","1","route"
"src/app/auth/reset-password/page.tsx","20","ResetPasswordForm","route-entry","internal","2","route"
"src/app/auth/reset-password/page.tsx","164","ResetPasswordPage","route-entry","exported","1","route"
"src/app/auth/reset/page.tsx","5","ResetPage","route-entry","exported","1","route"
"src/app/auth/reset/reset-password-form.tsx","18","ResetPasswordForm","route-local","exported","2","local"
"src/app/booking-portal/[token]/FreshPayPalLinkClient.tsx","11","FreshPayPalLinkClient","route-local","exported","1","local"
"src/app/booking-portal/[token]/page.tsx","59","InvalidToken","route-entry","internal","1","route"
"src/app/booking-portal/[token]/page.tsx","89","BookingNotFound","route-entry","internal","1","route"
"src/app/booking-portal/[token]/page.tsx","118","DescriptionItem","route-entry","internal","1","route"
"src/app/booking-portal/[token]/page.tsx","128","BookingPortalPage","route-entry","exported","1","route"
"src/app/booking-portal/[token]/PayPalCaptureClient.tsx","12","PayPalCaptureClient","route-local","exported","1","local"
"src/app/booking-portal/layout.tsx","7","BookingPortalLayout","route-entry","exported","1","route"
"src/app/error/_components/ErrorClient.tsx","12","ErrorClient","route-local","exported","1","local"
"src/app/error/page.tsx","43","ErrorPage","route-entry","exported","1","route"
"src/app/g/[token]/card-capture/page.tsx","1","CardCapturePage","route-entry","exported","1","route"
"src/app/g/[token]/event-payment/EventPayPalPaymentClient.tsx","16","EventPayPalPaymentClient","route-local","exported","1","local"
"src/app/g/[token]/event-payment/page.tsx","60","EventPaymentPage","route-entry","exported","1","route"
"src/app/g/[token]/manage-booking/page.tsx","120","ManageBookingPage","route-entry","exported","1","route"
"src/app/g/[token]/private-feedback/page.tsx","59","PrivateBookingFeedbackPage","route-entry","exported","1","route"
"src/app/g/[token]/sunday-preorder/page.tsx","3","SundayPreorderPage","route-entry","exported","1","route"
"src/app/g/[token]/table-manage/page.tsx","83","TableManageBookingPage","route-entry","exported","1","route"
"src/app/g/[token]/table-payment/page.tsx","37","DepositReceivedPanel","route-entry","internal","1","route"
"src/app/g/[token]/table-payment/page.tsx","67","TablePaymentPage","route-entry","exported","1","route"
"src/app/g/[token]/table-payment/TablePaymentClient.tsx","42","TablePaymentClient","route-local","exported","1","local"
"src/app/g/[token]/waitlist-offer/page.tsx","66","WaitlistOfferPage","route-entry","exported","1","route"
"src/app/global-error.tsx","5","GlobalError","route-local","exported","1","local"
"src/app/icon.tsx","11","Icon","route-local","exported","2","local"
"src/app/layout.tsx","56","RootLayout","route-entry","exported","1","route"
"src/app/m/[token]/charge-request/page.tsx","109","ChargeRequestApprovalPage","route-entry","exported","1","route"
"src/app/parking/guest/[id]/_components/PublicParkingClient.tsx","39","PublicParkingClient","route-local","exported","1","local"
"src/app/parking/guest/[id]/_components/PublicParkingClient.tsx","173","Detail","route-local","internal","1","local"
"src/app/parking/guest/[id]/page.tsx","14","ParkingGuestBookingPage","route-entry","exported","1","route"
"src/app/parking/not-found.tsx","1","ParkingNotFound","route-entry","exported","1","route"
"src/app/parking/payment-error/page.tsx","18","ParkingPaymentErrorPage","route-entry","exported","1","route"
"src/app/privacy/page.tsx","8","PrivacyPolicy","route-entry","exported","1","route"
"src/app/recruitment/book/[token]/page.tsx","10","RecruitmentBookingPage","route-entry","exported","1","route"
"src/app/recruitment/book/[token]/RecruitmentBookingClient.tsx","43","RecruitmentBookingClient","route-local","exported","1","local"
"src/app/unauthorized/page.tsx","8","UnauthorizedContent","route-entry","internal","1","route"
"src/app/unauthorized/page.tsx","54","UnauthorizedPage","route-entry","exported","1","route"
"src/components/charts/BarChart.tsx","23","BarChart","shared-component","exported","1","review"
"src/components/features/catering/CateringManager.tsx","32","CateringManager","shared-component","exported","1","review"
"src/components/features/catering/CateringPackageModal.tsx","22","CateringPackageModal","shared-component","exported","1","review"
"src/components/features/customers/CustomerForm.tsx","15","CustomerForm","shared-component","exported","1","review"
"src/components/features/customers/CustomerImport.tsx","25","CustomerImport","shared-component","exported","1","review"
"src/components/features/customers/CustomerLabelDisplay.tsx","8","CustomerLabelDisplay","shared-component","exported","1","review"
"src/components/features/customers/CustomerLabelSelector.tsx","24","CustomerLabelSelector","shared-component","exported","1","review"
"src/components/features/customers/CustomerName.tsx","10","CustomerName","shared-component","exported","1","review"
"src/components/features/customers/CustomerSearchInput.tsx","24","CustomerSearchInput","shared-component","exported","1","review"
"src/components/features/customers/WinBackCampaign.tsx","32","WinBackCampaign","shared-component","exported","1","review"
"src/components/features/employees/AddEmployeeAttachmentForm.tsx","28","SubmitAttachmentButton","shared-component","internal","1","review"
"src/components/features/employees/AddEmployeeAttachmentForm.tsx","36","AddEmployeeAttachmentForm","shared-component","exported","1","review"
"src/components/features/employees/AddEmployeeNoteForm.tsx","16","SubmitNoteButton","shared-component","internal","1","review"
"src/components/features/employees/AddEmployeeNoteForm.tsx","25","AddEmployeeNoteForm","shared-component","exported","1","review"
"src/components/features/employees/DeleteEmployeeButton.tsx","15","SubmitDeleteButton","shared-component","internal","1","review"
"src/components/features/employees/DeleteEmployeeButton.tsx","28","DeleteEmployeeButton","shared-component","exported","1","review"
"src/components/features/employees/EmergencyContactsTab.tsx","19","ConfirmDeleteButton","shared-component","internal","1","review"
"src/components/features/employees/EmergencyContactsTab.tsx","32","DeleteContactButton","shared-component","internal","1","review"
"src/components/features/employees/EmergencyContactsTab.tsx","105","EmergencyContactsTab","shared-component","exported","1","review"
"src/components/features/employees/EmployeeAttachmentsList.tsx","20","DeleteAttachmentButton","shared-component","internal","1","review"
"src/components/features/employees/EmployeeAttachmentsList.tsx","122","EmployeeAttachmentsList","shared-component","exported","1","review"
"src/components/features/employees/EmployeeAuditTrail.tsx","17","EmployeeAuditTrail","shared-component","exported","1","review"
"src/components/features/employees/EmployeeForm.tsx","38","SubmitButton","shared-component","internal","8","review"
"src/components/features/employees/EmployeeForm.tsx","52","EmployeeForm","shared-component","exported","1","review"
"src/components/features/employees/EmployeeHolidaysTab.tsx","47","EmployeeHolidaysTab","shared-component","exported","1","review"
"src/components/features/employees/EmployeeNotesList.tsx","9","EmployeeNotesList","shared-component","exported","1","review"
"src/components/features/employees/EmployeePayTab.tsx","42","EmployeePayTab","shared-component","exported","1","review"
"src/components/features/employees/EmployeeRecentChanges.tsx","20","EmployeeRecentChanges","shared-component","exported","1","review"
"src/components/features/employees/EmployeeReliabilityTab.tsx","47","ScorePanel","shared-component","internal","1","review"
"src/components/features/employees/EmployeeReliabilityTab.tsx","67","Metric","shared-component","internal","2","review"
"src/components/features/employees/EmployeeReliabilityTab.tsx","76","CountsGrid","shared-component","internal","1","review"
"src/components/features/employees/EmployeeReliabilityTab.tsx","121","EmployeeReliabilityTab","shared-component","exported","1","review"
"src/components/features/employees/EmployeeStatusActions.tsx","20","EmployeeStatusActions","shared-component","exported","1","review"
"src/components/features/employees/FinancialDetailsForm.tsx","21","SubmitButton","shared-component","internal","8","review"
"src/components/features/employees/FinancialDetailsForm.tsx","34","FinancialDetailsForm","shared-component","exported","1","review"
"src/components/features/employees/FinancialDetailsTab.tsx","12","DetailItem","shared-component","internal","3","review"
"src/components/features/employees/FinancialDetailsTab.tsx","19","FinancialDetailsTab","shared-component","exported","1","review"
"src/components/features/employees/HealthRecordsForm.tsx","19","SubmitButton","shared-component","internal","8","review"
"src/components/features/employees/HealthRecordsForm.tsx","32","HealthRecordsForm","shared-component","exported","1","review"
"src/components/features/employees/HealthRecordsTab.tsx","13","DetailItem","shared-component","internal","3","review"
"src/components/features/employees/HealthRecordsTab.tsx","22","HealthRecordsTab","shared-component","exported","1","review"
"src/components/features/employees/InviteEmployeeModal.tsx","12","InviteEmployeeModal","shared-component","exported","1","review"
"src/components/features/employees/OnboardingChecklistTab.tsx","20","OnboardingChecklistTab","shared-component","exported","1","review"
"src/components/features/employees/RightToWorkTab.tsx","32","SubmitButton","shared-component","internal","8","review"
"src/components/features/employees/RightToWorkTab.tsx","44","RightToWorkTab","shared-component","exported","1","review"
"src/components/features/employees/SendBirthdayRemindersButton.tsx","8","SendBirthdayRemindersButton","shared-component","exported","1","review"
"src/components/features/events/EventCategoryFormGrouped.tsx","49","CollapsibleSection","shared-component","internal","1","review"
"src/components/features/events/EventCategoryFormGrouped.tsx","81","EventCategoryFormGrouped","shared-component","exported","1","review"
"src/components/features/events/EventChecklistCard.tsx","22","EventChecklistCard","shared-component","exported","1","review"
"src/components/features/events/EventMarketingLinksCard.tsx","36","EventMarketingLinksCard","shared-component","exported","1","review"
"src/components/features/events/EventPromotionContentCard.tsx","83","EventPromotionContentCard","shared-component","exported","1","review"
"src/components/features/events/FaqEditor.tsx","17","FaqEditor","shared-component","exported","1","review"
"src/components/features/events/KeywordStrategyCard.tsx","24","KeywordField","shared-component","internal","1","review"
"src/components/features/events/KeywordStrategyCard.tsx","58","KeywordStrategyCard","shared-component","exported","1","review"
"src/components/features/events/SeoHealthIndicator.tsx","34","SeoHealthIndicator","shared-component","exported","1","review"
"src/components/features/feedback/StarRating.tsx","11","StarRating","shared-component","exported","2","review"
"src/components/features/invoices/EmailInvoiceModal.tsx","21","EmailInvoiceModal","shared-component","exported","1","review"
"src/components/features/invoices/RefundDialog.tsx","36","RefundDialog","shared-component","exported","2","review"
"src/components/features/invoices/RefundHistoryTable.tsx","42","RefundHistoryTable","shared-component","exported","2","review"
"src/components/features/invoices/VendorDeleteButton.tsx","11","VendorDeleteButton","shared-component","exported","1","review"
"src/components/features/menu/SmartImportModal.tsx","36","SmartImportModal","shared-component","exported","1","review"
"src/components/features/messages/MessageThread.tsx","19","MessageThread","shared-component","exported","1","review"
"src/components/features/private-bookings/VenueSpaceDeleteButton.tsx","11","VenueSpaceDeleteButton","shared-component","exported","1","review"
"src/components/features/shared/GuestCancelBooking.tsx","8","GuestCancelBooking","shared-component","exported","1","review"
"src/components/features/shared/GuestPageShell.tsx","10","GuestPageShell","shared-component","exported","1","review"
"src/components/features/shared/GuestSubmitButton.tsx","10","GuestSubmitButton","shared-component","exported","1","review"
"src/components/features/shared/NetworkStatus.tsx","7","NetworkStatus","shared-component","exported","1","review"
"src/components/features/shared/SquareImageUpload.tsx","19","SquareImageUpload","shared-component","exported","1","review"
"src/components/foh/DragConfirmationModal.tsx","14","DragConfirmationModal","shared-component","exported","1","review"
"src/components/foh/DraggableBookingBlock.tsx","36","DraggableBookingBlock","shared-component","exported","1","review"
"src/components/foh/DroppableLaneTimeline.tsx","16","DroppableLaneTimeline","shared-component","exported","1","review"
"src/components/modals/AddEmergencyContactModal.tsx","14","SubmitButton","shared-component","internal","8","review"
"src/components/modals/AddEmergencyContactModal.tsx","27","AddEmergencyContactModal","shared-component","exported","1","review"
"src/components/modals/AddNoteModal.tsx","24","AddNoteModal","shared-component","exported","1","review"
"src/components/modals/ChasePaymentModal.tsx","21","ChasePaymentModal","shared-component","exported","1","review"
"src/components/modals/EditEmergencyContactModal.tsx","15","SubmitButton","shared-component","internal","8","review"
"src/components/modals/EditEmergencyContactModal.tsx","28","EditEmergencyContactModal","shared-component","exported","1","review"
"src/components/modals/EmailQuoteModal.tsx","17","EmailQuoteModal","shared-component","exported","1","review"
"src/components/private-bookings/CalendarView.tsx","38","CalendarView","shared-component","exported","1","review"
"src/components/private-bookings/CommunicationsTab.tsx","63","CommunicationsTab","shared-component","exported","1","review"
"src/components/private-bookings/CommunicationsTabServer.tsx","20","CommunicationsTabServer","shared-component","exported","1","review"
"src/components/private-bookings/DeleteBookingButton.tsx","32","DeleteBookingButton","shared-component","exported","1","review"
"src/components/private-bookings/EventDetailsRiskSection.tsx","40","EventDetailsRiskSection","shared-component","exported","1","review"
"src/components/private-bookings/SmsQueueActionForm.tsx","33","SmsQueueActionForm","shared-component","exported","1","review"
"src/components/private-bookings/SmsQueueActionForm.tsx","109","SubmitButton","shared-component","internal","8","review"
"src/components/private-bookings/WorkflowPanels.tsx","87","StatusBadge","shared-component","internal","2","review"
"src/components/private-bookings/WorkflowPanels.tsx","166","WorkflowStatusPanel","shared-component","exported","1","review"
"src/components/private-bookings/WorkflowPanels.tsx","231","RecordLockBanner","shared-component","exported","1","review"
"src/components/private-bookings/WorkflowPanels.tsx","248","RecordLockControl","shared-component","exported","1","review"
"src/components/private-bookings/WorkflowPanels.tsx","331","WaiverRiskPanel","shared-component","exported","1","review"
"src/components/private-bookings/WorkflowPanels.tsx","544","SupplierModal","shared-component","internal","1","review"
"src/components/private-bookings/WorkflowPanels.tsx","655","SuppliersPanel","shared-component","exported","1","review"
"src/components/private-bookings/WorkflowPanels.tsx","840","DeductionsPanel","shared-component","exported","1","review"
"src/components/private-bookings/WorkflowPanels.tsx","1073","ComplaintRow","shared-component","internal","1","review"
"src/components/private-bookings/WorkflowPanels.tsx","1135","ComplaintsPanel","shared-component","exported","1","review"
"src/components/providers/SupabaseProvider.tsx","15","SupabaseProvider","shared-component","exported","1","review"
"src/components/schedule-calendar/ScheduleCalendar.tsx","27","ScheduleCalendar","shared-component","exported","1","review"
"src/components/schedule-calendar/ScheduleCalendarList.tsx","27","ScheduleCalendarList","shared-component","exported","1","review"
"src/components/schedule-calendar/ScheduleCalendarMonth.tsx","19","ScheduleCalendarMonth","shared-component","exported","1","review"
"src/components/schedule-calendar/ScheduleCalendarMonth.tsx","230","EntryBlock","shared-component","internal","1","review"
"src/components/schedule-calendar/ScheduleCalendarWeek.tsx","21","ScheduleCalendarWeek","shared-component","exported","1","review"
"src/components/schedule-calendar/VenueCalendar.tsx","361","VenueCalendar","shared-component","exported","1","review"
"src/contexts/PermissionContext.tsx","16","PermissionProvider","route-local","exported","1","local"
"src/ds/compat/BackButton.tsx","35","BackButton","ds-compat","exported","1","review"
"src/ds/compat/CardParts.tsx","8","CardTitle","ds-compat","exported","1","review"
"src/ds/compat/CardParts.tsx","20","CardDescription","ds-compat","exported","1","review"
"src/ds/compat/Container.tsx","26","Container","ds-compat","exported","1","review"
"src/ds/compat/DrawerActions.tsx","16","DrawerActions","ds-compat","exported","1","review"
"src/ds/compat/FilterPanel.tsx","55","FilterPanel","ds-compat","exported","1","review"
"src/ds/compat/Form.tsx","33","Form","ds-compat","exported","1","review"
"src/ds/compat/Form.tsx","134","FormSection","ds-compat","exported","1","review"
"src/ds/compat/Form.tsx","158","FormActions","ds-compat","exported","1","review"
"src/ds/compat/ModalActions.tsx","9","ModalActions","ds-compat","exported","1","review"
"src/ds/compat/PopoverParts.tsx","8","PopoverHeader","ds-compat","exported","1","review"
"src/ds/compat/PopoverParts.tsx","22","PopoverContent","ds-compat","exported","1","review"
"src/ds/compat/RadioGroup.tsx","34","RadioGroup","ds-compat","exported","1","review"
"src/ds/compat/SortableHeader.tsx","22","SortableHeader","ds-compat","exported","1","review"
"src/ds/compat/StatGroup.tsx","18","StatGroup","ds-compat","exported","1","review"
"src/ds/compat/TabNav.tsx","68","TabNav","ds-compat","exported","1","review"
"src/ds/composites/Card.tsx","30","Card","ds-composite","exported","1","review"
"src/ds/composites/Card.tsx","71","CardHeader","ds-composite","exported","1","review"
"src/ds/composites/Card.tsx","96","CardBody","ds-composite","exported","1","review"
"src/ds/composites/Card.tsx","111","CardFooter","ds-composite","exported","1","review"
"src/ds/composites/Chart.tsx","42","BarWithTargetLine","ds-composite","internal","1","review"
"src/ds/composites/Chart.tsx","96","ChartTooltipContent","ds-composite","internal","1","review"
"src/ds/composites/Chart.tsx","130","RevenueChart","ds-composite","exported","1","review"
"src/ds/composites/Chart.tsx","177","Sparkline","ds-composite","exported","1","review"
"src/ds/composites/CustomerLink.tsx","11","CustomerLink","ds-composite","exported","1","review"
"src/ds/composites/DataTable.tsx","63","DataTable","ds-composite","exported","1","review"
"src/ds/composites/DescriptionList.tsx","29","DescriptionList","ds-composite","exported","1","review"
"src/ds/composites/PageHeader.tsx","27","PageHeader","ds-composite","exported","1","review"
"src/ds/composites/PageLayout.tsx","26","HeaderNav","ds-composite","internal","1","review"
"src/ds/composites/PageLayout.tsx","150","PageLayout","ds-composite","exported","1","review"
"src/ds/composites/PageLoading.tsx","17","PageLoading","ds-composite","exported","1","review"
"src/ds/composites/RowActions.tsx","29","RowActions","ds-composite","exported","1","review"
"src/ds/composites/Section.tsx","36","Section","ds-composite","exported","3","review"
"src/ds/composites/SectionNav.tsx","28","SectionNav","ds-composite","exported","1","review"
"src/ds/composites/Segmented.tsx","23","Segmented","ds-composite","exported","1","review"
"src/ds/composites/Table.tsx","21","Table","ds-composite","exported","1","review"
"src/ds/composites/Table.tsx","38","TableHeader","ds-composite","exported","1","review"
"src/ds/composites/Table.tsx","53","TableBody","ds-composite","exported","1","review"
"src/ds/composites/Table.tsx","69","TableRow","ds-composite","exported","1","review"
"src/ds/composites/Table.tsx","101","TableHead","ds-composite","exported","1","review"
"src/ds/composites/Table.tsx","160","TableCell","ds-composite","exported","1","review"
"src/ds/composites/Table.tsx","188","TablePagination","ds-composite","exported","1","review"
"src/ds/composites/Tabs.tsx","46","Tabs","ds-composite","exported","1","review"
"src/ds/icons/Icon.tsx","30","Icon","ds-icon","exported","2","review"
"src/ds/primitives/Accordion.tsx","39","Accordion","ds-primitive","exported","1","review"
"src/ds/primitives/Alert.tsx","40","Alert","ds-primitive","exported","1","review"
"src/ds/primitives/Avatar.tsx","42","Avatar","ds-primitive","exported","1","review"
"src/ds/primitives/Avatar.tsx","66","AvatarStack","ds-primitive","exported","1","review"
"src/ds/primitives/Badge.tsx","58","Badge","ds-primitive","exported","1","review"
"src/ds/primitives/Button.tsx","45","Spinner","ds-primitive","internal","2","review"
"src/ds/primitives/Button.tsx","63","Button","ds-primitive","exported","1","review"
"src/ds/primitives/Checkbox.tsx","24","Checkbox","ds-primitive","exported","1","review"
"src/ds/primitives/ConfirmDialog.tsx","38","ConfirmDialog","ds-primitive","exported","1","review"
"src/ds/primitives/DateTimePicker.tsx","11","DateTimePicker","ds-primitive","exported","1","review"
"src/ds/primitives/Drawer.tsx","33","CloseIcon","ds-primitive","internal","1","review"
"src/ds/primitives/Drawer.tsx","48","Drawer","ds-primitive","exported","1","review"
"src/ds/primitives/Dropdown.tsx","26","Dropdown","ds-primitive","exported","1","review"
"src/ds/primitives/Dropdown.tsx","65","DropdownItem","ds-primitive","exported","1","review"
"src/ds/primitives/Empty.tsx","34","Empty","ds-primitive","exported","1","review"
"src/ds/primitives/Field.tsx","28","Field","ds-primitive","exported","2","review"
"src/ds/primitives/FileUpload.tsx","14","UploadIcon","ds-primitive","internal","1","review"
"src/ds/primitives/FileUpload.tsx","22","FileUpload","ds-primitive","exported","1","review"
"src/ds/primitives/FormSubmitButton.tsx","16","FormSubmitButton","ds-primitive","exported","1","review"
"src/ds/primitives/IconButton.tsx","23","IconButton","ds-primitive","exported","1","review"
"src/ds/primitives/Input.tsx","23","Input","ds-primitive","exported","1","review"
"src/ds/primitives/LinkButton.tsx","39","LinkButton","ds-primitive","exported","1","review"
"src/ds/primitives/Modal.tsx","38","Modal","ds-primitive","exported","1","review"
"src/ds/primitives/Pagination.tsx","43","Pagination","ds-primitive","exported","1","review"
"src/ds/primitives/Popover.tsx","22","Popover","ds-primitive","exported","1","review"
"src/ds/primitives/ProgressBar.tsx","20","ProgressBar","ds-primitive","exported","1","review"
"src/ds/primitives/Radio.tsx","18","Radio","ds-primitive","exported","1","review"
"src/ds/primitives/SearchInput.tsx","22","SearchIcon","ds-primitive","internal","1","review"
"src/ds/primitives/SearchInput.tsx","29","ClearIcon","ds-primitive","internal","1","review"
"src/ds/primitives/SearchInput.tsx","36","SearchInput","ds-primitive","exported","1","review"
"src/ds/primitives/Select.tsx","23","Select","ds-primitive","exported","1","review"
"src/ds/primitives/Spinner.tsx","22","Spinner","ds-primitive","exported","2","review"
"src/ds/primitives/Stat.tsx","33","DeltaArrow","ds-primitive","internal","1","review"
"src/ds/primitives/Stat.tsx","52","Stat","ds-primitive","exported","1","review"
"src/ds/primitives/Stepper.tsx","13","CheckIcon","ds-primitive","internal","2","review"
"src/ds/primitives/Stepper.tsx","19","Stepper","ds-primitive","exported","1","review"
"src/ds/primitives/Switch.tsx","26","Switch","ds-primitive","exported","1","review"
"src/ds/primitives/Textarea.tsx","20","Textarea","ds-primitive","exported","1","review"
"src/ds/primitives/Tooltip.tsx","18","Tooltip","ds-primitive","exported","1","review"
"src/ds/shell/AppShell.tsx","24","AppShell","ds-shell","exported","1","review"
"src/ds/shell/FohClockBand.tsx","14","FohClockBand","ds-shell","exported","1","review"
"src/ds/shell/MobileChrome.tsx","36","MobileTopbar","ds-shell","exported","1","review"
"src/ds/shell/MobileChrome.tsx","76","MobileBottomNav","ds-shell","exported","1","review"
"src/ds/shell/MobileChrome.tsx","134","MobileDrawer","ds-shell","exported","1","review"
"src/ds/shell/NavCountsContext.tsx","24","NavCountsProvider","ds-shell","exported","1","review"
"src/ds/shell/Sidebar.tsx","20","Sidebar","ds-shell","exported","1","review"
"src/ds/shell/SidebarNav.tsx","136","SidebarNav","ds-shell","exported","1","review"
"src/ds/shell/Topbar.tsx","15","Topbar","ds-shell","exported","1","review"
"src/ds/shell/UserFooter.tsx","13","UserFooter","ds-shell","exported","1","review"
